

-- Inserciones para la tabla AP_PAISES

INSERT INTO AP_PAISES (PAIS_ID, NOMBRE) VALUES (1, 'Perú');
INSERT INTO AP_PAISES (PAIS_ID, NOMBRE) VALUES (2, 'Colombia');
INSERT INTO AP_PAISES (PAIS_ID, NOMBRE) VALUES (3, 'Estados Unidos');
INSERT INTO AP_PAISES (PAIS_ID, NOMBRE) VALUES (4, 'Chile');
INSERT INTO AP_PAISES (PAIS_ID, NOMBRE) VALUES (5, 'Brasil');
INSERT INTO AP_PAISES (PAIS_ID, NOMBRE) VALUES (6, 'Argentina');
INSERT INTO AP_PAISES (PAIS_ID, NOMBRE) VALUES (7, 'Ecuador');
INSERT INTO AP_PAISES (PAIS_ID, NOMBRE) VALUES (8, 'México');
INSERT INTO AP_PAISES (PAIS_ID, NOMBRE) VALUES (9, 'España');
INSERT INTO AP_PAISES (PAIS_ID, NOMBRE) VALUES (10, 'Canadá');

-- Inserciones para la tabla AP_CIUDADES

INSERT INTO AP_CIUDADES (CIUDAD_ID, NOMBRE_CIUDAD, PAIS_ID) VALUES (1, 'Lima', 1);
INSERT INTO AP_CIUDADES (CIUDAD_ID, NOMBRE_CIUDAD, PAIS_ID) VALUES (2, 'Cusco', 1);
INSERT INTO AP_CIUDADES (CIUDAD_ID, NOMBRE_CIUDAD, PAIS_ID) VALUES (3, 'Trujillo', 1);
INSERT INTO AP_CIUDADES (CIUDAD_ID, NOMBRE_CIUDAD, PAIS_ID) VALUES (4, 'Bogotá', 2);
INSERT INTO AP_CIUDADES (CIUDAD_ID, NOMBRE_CIUDAD, PAIS_ID) VALUES (5, 'Medellín', 2);
INSERT INTO AP_CIUDADES (CIUDAD_ID, NOMBRE_CIUDAD, PAIS_ID) VALUES (6, 'New York', 3);
INSERT INTO AP_CIUDADES (CIUDAD_ID, NOMBRE_CIUDAD, PAIS_ID) VALUES (7, 'Los Angeles', 3);
INSERT INTO AP_CIUDADES (CIUDAD_ID, NOMBRE_CIUDAD, PAIS_ID) VALUES (8, 'Santiago', 4);
INSERT INTO AP_CIUDADES (CIUDAD_ID, NOMBRE_CIUDAD, PAIS_ID) VALUES (9, 'São Paulo', 5);
INSERT INTO AP_CIUDADES (CIUDAD_ID, NOMBRE_CIUDAD, PAIS_ID) VALUES (10, 'Buenos Aires', 6);
INSERT INTO AP_CIUDADES (CIUDAD_ID, NOMBRE_CIUDAD, PAIS_ID) VALUES (11, 'Miami', 3);
INSERT INTO AP_CIUDADES (CIUDAD_ID, NOMBRE_CIUDAD, PAIS_ID) VALUES (12, 'Arequipa', 1);
INSERT INTO AP_CIUDADES (CIUDAD_ID, NOMBRE_CIUDAD, PAIS_ID) VALUES (13, 'Guayaquil', 7);
INSERT INTO AP_CIUDADES (CIUDAD_ID, NOMBRE_CIUDAD, PAIS_ID) VALUES (14, 'Ciudad de México', 8);
INSERT INTO AP_CIUDADES (CIUDAD_ID, NOMBRE_CIUDAD, PAIS_ID) VALUES (15, 'Orlando', 3);

-- Comentarios adicionales (no ejecutables)
-- 1: Perú
-- 2: Colombia
-- 3: Estados Unidos
-- 4: Chile
-- 5: Brasil
-- 6: Argentina
-- 7: Ecuador
-- 8: México

-- Inserciones para la tabla AP_AEROPUERTOS

INSERT INTO AP_AEROPUERTOS (AEROPUERTO_ID, NOMBRE, HORA_APERTURA, HORA_CIERRE, CIUDAD_ID) VALUES (1, 'Aeropuerto Internacional Jorge Chávez', TO_DATE('00:00', 'HH24:MI'), TO_DATE('23:59', 'HH24:MI'), 1);
INSERT INTO AP_AEROPUERTOS (AEROPUERTO_ID, NOMBRE, HORA_APERTURA, HORA_CIERRE, CIUDAD_ID) VALUES (2, 'Aeropuerto Internacional Alejandro Velasco Astete', TO_DATE('06:00', 'HH24:MI'), TO_DATE('22:00', 'HH24:MI'), 2);
INSERT INTO AP_AEROPUERTOS (AEROPUERTO_ID, NOMBRE, HORA_APERTURA, HORA_CIERRE, CIUDAD_ID) VALUES (3, 'Aeropuerto Internacional Capitán FAP Carlos Martínez de Pinillos', TO_DATE('05:30', 'HH24:MI'), TO_DATE('21:30', 'HH24:MI'), 3);
INSERT INTO AP_AEROPUERTOS (AEROPUERTO_ID, NOMBRE, HORA_APERTURA, HORA_CIERRE, CIUDAD_ID) VALUES (4, 'Aeropuerto Internacional El Dorado Luis Carlos Galán Sarmiento', TO_DATE('00:00', 'HH24:MI'), TO_DATE('23:59', 'HH24:MI'), 4);
INSERT INTO AP_AEROPUERTOS (AEROPUERTO_ID, NOMBRE, HORA_APERTURA, HORA_CIERRE, CIUDAD_ID) VALUES (5, 'Aeropuerto Internacional José María Córdova', TO_DATE('05:00', 'HH24:MI'), TO_DATE('23:00', 'HH24:MI'), 5);
INSERT INTO AP_AEROPUERTOS (AEROPUERTO_ID, NOMBRE, HORA_APERTURA, HORA_CIERRE, CIUDAD_ID) VALUES (6, 'John F. Kennedy International Airport', TO_DATE('00:00', 'HH24:MI'), TO_DATE('23:59', 'HH24:MI'), 6);
INSERT INTO AP_AEROPUERTOS (AEROPUERTO_ID, NOMBRE, HORA_APERTURA, HORA_CIERRE, CIUDAD_ID) VALUES (7, 'Los Angeles International Airport', TO_DATE('00:00', 'HH24:MI'), TO_DATE('23:59', 'HH24:MI'), 7);
INSERT INTO AP_AEROPUERTOS (AEROPUERTO_ID, NOMBRE, HORA_APERTURA, HORA_CIERRE, CIUDAD_ID) VALUES (8, 'Aeropuerto Internacional de Santiago', TO_DATE('00:00', 'HH24:MI'), TO_DATE('23:59', 'HH24:MI'), 8);
INSERT INTO AP_AEROPUERTOS (AEROPUERTO_ID, NOMBRE, HORA_APERTURA, HORA_CIERRE, CIUDAD_ID) VALUES (9, 'Aeropuerto Internacional de São Paulo-Guarulhos', TO_DATE('00:00', 'HH24:MI'), TO_DATE('23:59', 'HH24:MI'), 9);
INSERT INTO AP_AEROPUERTOS (AEROPUERTO_ID, NOMBRE, HORA_APERTURA, HORA_CIERRE, CIUDAD_ID) VALUES (10, 'Aeropuerto Internacional de Ezeiza Ministro Pistarini', TO_DATE('00:00', 'HH24:MI'), TO_DATE('23:59', 'HH24:MI'), 10);

-- Comentarios adicionales (no ejecutables)
-- 1: Lima, 1: Perú
-- 2: Cusco, 1: Perú
-- 3: Trujillo, 1: Perú
-- 4: Bogotá, 2: Colombia
-- 5: Medellín, 2: Colombia
-- 6: New York, 3: Estados Unidos
-- 7: Los Angeles, 3: Estados Unidos
-- 8: Santiago, 4: Chile
-- 9: São Paulo, 5: Brasil
-- 10: Buenos Aires, 6: Argentina

-- Inserciones para la tabla AP_CARGOS

INSERT INTO AP_CARGOS (CARGO_ID, DETALLE_CARGO, ACTIVO) VALUES (1, 'Piloto', 1);
INSERT INTO AP_CARGOS (CARGO_ID, DETALLE_CARGO, ACTIVO) VALUES (2, 'Copiloto', 1);
INSERT INTO AP_CARGOS (CARGO_ID, DETALLE_CARGO, ACTIVO) VALUES (3, 'Jefe de Cabina', 1);
INSERT INTO AP_CARGOS (CARGO_ID, DETALLE_CARGO, ACTIVO) VALUES (4, 'Aeromozo', 1);
INSERT INTO AP_CARGOS (CARGO_ID, DETALLE_CARGO, ACTIVO) VALUES (5, 'Aeromoza', 1);
INSERT INTO AP_CARGOS (CARGO_ID, DETALLE_CARGO, ACTIVO) VALUES (6, 'Técnico de Mantenimiento', 1);
INSERT INTO AP_CARGOS (CARGO_ID, DETALLE_CARGO, ACTIVO) VALUES (7, 'Despachador de Vuelos', 1);
INSERT INTO AP_CARGOS (CARGO_ID, DETALLE_CARGO, ACTIVO) VALUES (8, 'Coordinador de Operaciones', 1);
INSERT INTO AP_CARGOS (CARGO_ID, DETALLE_CARGO, ACTIVO) VALUES (9, 'Supervisor de Rampa', 1);
INSERT INTO AP_CARGOS (CARGO_ID, DETALLE_CARGO, ACTIVO) VALUES (10, 'Especialista en Seguridad', 1);


-- Inserciones para la tabla AP_EQUIPAJES

INSERT INTO AP_EQUIPAJES (TIPO_EQUIPAJE_ID, DESCRIPCION) VALUES (1, 'De Cabina');
INSERT INTO AP_EQUIPAJES (TIPO_EQUIPAJE_ID, DESCRIPCION) VALUES (2, 'De Bodega');
INSERT INTO AP_EQUIPAJES (TIPO_EQUIPAJE_ID, DESCRIPCION) VALUES (3, 'Carga Especial - Deportivo');
INSERT INTO AP_EQUIPAJES (TIPO_EQUIPAJE_ID, DESCRIPCION) VALUES (4, 'Carga Especial - Musical');
INSERT INTO AP_EQUIPAJES (TIPO_EQUIPAJE_ID, DESCRIPCION) VALUES (5, 'Carga Especial - Frágil');

-- Inserciones para la tabla AP_MARCAS

INSERT INTO AP_MARCAS (MARCA_ID, DESCRIPCION) VALUES (1, 'Boeing');
INSERT INTO AP_MARCAS (MARCA_ID, DESCRIPCION) VALUES (2, 'Airbus');
INSERT INTO AP_MARCAS (MARCA_ID, DESCRIPCION) VALUES (3, 'Embraer');
INSERT INTO AP_MARCAS (MARCA_ID, DESCRIPCION) VALUES (4, 'Bombardier');
INSERT INTO AP_MARCAS (MARCA_ID, DESCRIPCION) VALUES (5, 'ATR');

-- Inserciones para la tabla AP_TIPOS_MANTENIMIENTO

INSERT INTO AP_TIPOS_MANTENIMIENTO (TIPO_MANTENIMIENTO_ID, DESCRIPCION) VALUES (1, 'Preventivo');
INSERT INTO AP_TIPOS_MANTENIMIENTO (TIPO_MANTENIMIENTO_ID, DESCRIPCION) VALUES (2, 'Correctivo');
INSERT INTO AP_TIPOS_MANTENIMIENTO (TIPO_MANTENIMIENTO_ID, DESCRIPCION) VALUES (3, 'Mayor');
INSERT INTO AP_TIPOS_MANTENIMIENTO (TIPO_MANTENIMIENTO_ID, DESCRIPCION) VALUES (4, 'Menor');

-- Inserciones para la tabla AP_EMPLEADOS

INSERT INTO AP_EMPLEADOS (EMPLEADO_ID, TIPO_DOCUMENTO, NRO_DOCUMENTO, NOMBRES, AP_PATERNO, AP_MATERNO, FECHA_NACIMIENTO, SEXO, CELULAR, EMAIL, CARGO_ID, FECHA_INGRESO, SALARIO, ACTIVO) VALUES ('EMP001', 'D', '12345678', 'Ricardo', 'Pérez', 'Gómez', TO_DATE('1980-03-15', 'YYYY-MM-DD'), 'M', '987654321', 'rperez@example.com', 1, TO_DATE('2023-01-15', 'YYYY-MM-DD'), 2500.00, 1);
INSERT INTO AP_EMPLEADOS (EMPLEADO_ID, TIPO_DOCUMENTO, NRO_DOCUMENTO, NOMBRES, AP_PATERNO, AP_MATERNO, FECHA_NACIMIENTO, SEXO, CELULAR, EMAIL, CARGO_ID, FECHA_INGRESO, SALARIO, ACTIVO) VALUES ('EMP002', 'C', 'A1234567', 'Karina', 'Página', 'Castillo', TO_DATE('1985-07-20', 'YYYY-MM-DD'), 'F', '998765432', 'kpagina@example.com', 2, TO_DATE('2024-11-01', 'YYYY-MM-DD'), 3000.00, 1);
INSERT INTO AP_EMPLEADOS (EMPLEADO_ID, TIPO_DOCUMENTO, NRO_DOCUMENTO, NOMBRES, AP_PATERNO, AP_MATERNO, FECHA_NACIMIENTO, SEXO, CELULAR, EMAIL, CARGO_ID, FECHA_INGRESO, SALARIO, ACTIVO) VALUES ('EMP003', 'D', '87654321', 'Carlos', 'Ruiz', 'Díaz', TO_DATE('1978-11-01', 'YYYY-MM-DD'), 'M', '976543210', 'cruiz@example.com', 3, TO_DATE('2024-03-01', 'YYYY-MM-DD'), 2800.50, 1);
INSERT INTO AP_EMPLEADOS (EMPLEADO_ID, TIPO_DOCUMENTO, NRO_DOCUMENTO, NOMBRES, AP_PATERNO, AP_MATERNO, FECHA_NACIMIENTO, SEXO, CELULAR, EMAIL, CARGO_ID, FECHA_INGRESO, SALARIO, ACTIVO) VALUES ('EMP004', 'D', '23456789', 'Ana', 'Flores', 'Luna', TO_DATE('1990-05-10', 'YYYY-MM-DD'), 'F', '965432109', 'aflores@example.com', 4, TO_DATE('2023-09-15', 'YYYY-MM-DD'), 2200.00, 1);
INSERT INTO AP_EMPLEADOS (EMPLEADO_ID, TIPO_DOCUMENTO, NRO_DOCUMENTO, NOMBRES, AP_PATERNO, AP_MATERNO, FECHA_NACIMIENTO, SEXO, CELULAR, EMAIL, CARGO_ID, FECHA_INGRESO, SALARIO, ACTIVO) VALUES ('EMP005', 'C', 'B9876543', 'Javier', 'López', 'Martínez', TO_DATE('1982-09-25', 'YYYY-MM-DD'), 'M', '954321098', 'jlopez@example.com', 1, TO_DATE('2022-07-01', 'YYYY-MM-DD'), 2600.00, 0);
INSERT INTO AP_EMPLEADOS (EMPLEADO_ID, TIPO_DOCUMENTO, NRO_DOCUMENTO, NOMBRES, AP_PATERNO, AP_MATERNO, FECHA_NACIMIENTO, SEXO, CELULAR, EMAIL, CARGO_ID, FECHA_INGRESO, SALARIO, ACTIVO) VALUES ('EMP006', 'D', '34567890', 'Sofía', 'Torres', 'Rojas', TO_DATE('1987-01-30', 'YYYY-MM-DD'), 'F', '943210987', 'storres@example.com', 5, TO_DATE('2024-01-01', 'YYYY-MM-DD'), 3200.00, 0);
INSERT INTO AP_EMPLEADOS (EMPLEADO_ID, TIPO_DOCUMENTO, NRO_DOCUMENTO, NOMBRES, AP_PATERNO, AP_MATERNO, FECHA_NACIMIENTO, SEXO, CELULAR, EMAIL, CARGO_ID, FECHA_INGRESO, SALARIO, ACTIVO) VALUES ('EMP007', 'D', '98765432', 'Manuel', 'Castro', 'Silva', TO_DATE('1975-06-12', 'YYYY-MM-DD'), 'M', '932109876', 'mcastro@example.com', 6, TO_DATE('2023-05-20', 'YYYY-MM-DD'), 3500.00, 1);
INSERT INTO AP_EMPLEADOS (EMPLEADO_ID, TIPO_DOCUMENTO, NRO_DOCUMENTO, NOMBRES, AP_PATERNO, AP_MATERNO, FECHA_NACIMIENTO, SEXO, CELULAR, EMAIL, CARGO_ID, FECHA_INGRESO, SALARIO, ACTIVO) VALUES ('EMP008', 'C', 'C5432109', 'Elena', 'Jiménez', 'Vargas', TO_DATE('1992-04-05', 'YYYY-MM-DD'), 'F', '921098765', 'ejimenez@example.com', 3, TO_DATE('2022-09-01', 'YYYY-MM-DD'), 2700.00, 1);
INSERT INTO AP_EMPLEADOS (EMPLEADO_ID, TIPO_DOCUMENTO, NRO_DOCUMENTO, NOMBRES, AP_PATERNO, AP_MATERNO, FECHA_NACIMIENTO, SEXO, CELULAR, EMAIL, CARGO_ID, FECHA_INGRESO, SALARIO, ACTIVO) VALUES ('EMP009', 'D', '45678901', 'Alberto', 'Huasca', 'Pérez', TO_DATE('1989-12-18', 'YYYY-MM-DD'), 'M', '910987654', 'ahuasca@example.com', 7, TO_DATE('2024-02-10', 'YYYY-MM-DD'), 3100.00, 1);
INSERT INTO AP_EMPLEADOS (EMPLEADO_ID, TIPO_DOCUMENTO, NRO_DOCUMENTO, NOMBRES, AP_PATERNO, AP_MATERNO, FECHA_NACIMIENTO, SEXO, CELULAR, EMAIL, CARGO_ID, FECHA_INGRESO, SALARIO, ACTIVO) VALUES ('EMP010', 'D', '01928374', 'Luisa', 'Fernández', 'Pérez', TO_DATE('1983-08-03', 'YYYY-MM-DD'), 'F', '909876543', 'lfernandez@example.com', 4, TO_DATE('2024-07-01', 'YYYY-MM-DD'), 2400.00, 1);

-- Comentarios adicionales (no ejecutables)
-- CARGO_ID se refiere a la tabla AP_CARGOS.
-- TIPO_DOCUMENTO: D (DNI), C (Carnet de extranjería)

-- Inserciones para la tabla AP_AVIONES

INSERT INTO AP_AVIONES (AVION_ID, NRO_PLACA, MODELO, CAP_PASAJEROS, CAP_BODEGA, KM_MAX_VUELO, ESTADO, MARCA_ID) VALUES (101, 12345, 'Boeing 737-800', 189, 2500, 5500, 'A', 1);
INSERT INTO AP_AVIONES (AVION_ID, NRO_PLACA, MODELO, CAP_PASAJEROS, CAP_BODEGA, KM_MAX_VUELO, ESTADO, MARCA_ID) VALUES (102, 67890, 'Airbus A320', 180, 2300, 6100, 'A', 2);
INSERT INTO AP_AVIONES (AVION_ID, NRO_PLACA, MODELO, CAP_PASAJEROS, CAP_BODEGA, KM_MAX_VUELO, ESTADO, MARCA_ID) VALUES (103, 13579, 'Boeing 737 MAX 8', 175, 2400, 6500, 'A', 1);
INSERT INTO AP_AVIONES (AVION_ID, NRO_PLACA, MODELO, CAP_PASAJEROS, CAP_BODEGA, KM_MAX_VUELO, ESTADO, MARCA_ID) VALUES (104, 24680, 'Airbus A321', 220, 3000, 5950, 'A', 2);
INSERT INTO AP_AVIONES (AVION_ID, NRO_PLACA, MODELO, CAP_PASAJEROS, CAP_BODEGA, KM_MAX_VUELO, ESTADO, MARCA_ID) VALUES (105, 11223, 'Embraer E190', 114, 1800, 4500, 'A', 3);
INSERT INTO AP_AVIONES (AVION_ID, NRO_PLACA, MODELO, CAP_PASAJEROS, CAP_BODEGA, KM_MAX_VUELO, ESTADO, MARCA_ID) VALUES (106, 44556, 'Boeing 737 MAX 9', 170, 2350, 6400, 'A', 1);
INSERT INTO AP_AVIONES (AVION_ID, NRO_PLACA, MODELO, CAP_PASAJEROS, CAP_BODEGA, KM_MAX_VUELO, ESTADO, MARCA_ID) VALUES (107, 77889, 'Airbus A319', 156, 2100, 6800, 'A', 2);
INSERT INTO AP_AVIONES (AVION_ID, NRO_PLACA, MODELO, CAP_PASAJEROS, CAP_BODEGA, KM_MAX_VUELO, ESTADO, MARCA_ID) VALUES (108, 98765, 'Boeing 787-9', 290, 4000, 14140, 'A', 1);
INSERT INTO AP_AVIONES (AVION_ID, NRO_PLACA, MODELO, CAP_PASAJEROS, CAP_BODEGA, KM_MAX_VUELO, ESTADO, MARCA_ID) VALUES (109, 32165, 'Airbus A350-900', 315, 4500, 15000, 'A', 2);
INSERT INTO AP_AVIONES (AVION_ID, NRO_PLACA, MODELO, CAP_PASAJEROS, CAP_BODEGA, KM_MAX_VUELO, ESTADO, MARCA_ID) VALUES (110, 54321, 'Embraer E175', 88, 1500, 3900, 'A', 3);
INSERT INTO AP_AVIONES (AVION_ID, NRO_PLACA, MODELO, CAP_PASAJEROS, CAP_BODEGA, KM_MAX_VUELO, ESTADO, MARCA_ID) VALUES (111, 11111, 'Boeing 737-700', 149, 2200, 5570, 'I', 1); -- Inactivo
INSERT INTO AP_AVIONES (AVION_ID, NRO_PLACA, MODELO, CAP_PASAJEROS, CAP_BODEGA, KM_MAX_VUELO, ESTADO, MARCA_ID) VALUES (112, 22222, 'Airbus A320neo', 180, 2400, 6300, 'A', 2);

-- Comentarios adicionales (no ejecutables)
-- 1: Boeing
-- 2: Airbus
-- 3: Embraer


-- Inserciones para la tabla AP_MANT_AVIONES

INSERT INTO AP_MANT_AVIONES (AVION_ID, TIPO_MANTENIMIENTO_ID, FECHA_INICIO_EST, FECHA_FIN_EST) VALUES (101, 1, TO_DATE('2024-11-10', 'YYYY-MM-DD'), TO_DATE('2024-11-15', 'YYYY-MM-DD'));
INSERT INTO AP_MANT_AVIONES (AVION_ID, TIPO_MANTENIMIENTO_ID, FECHA_INICIO_EST, FECHA_FIN_EST) VALUES (102, 2, TO_DATE('2025-01-05', 'YYYY-MM-DD'), TO_DATE('2025-01-12', 'YYYY-MM-DD'));
INSERT INTO AP_MANT_AVIONES (AVION_ID, TIPO_MANTENIMIENTO_ID, FECHA_INICIO_EST, FECHA_FIN_EST) VALUES (103, 1, TO_DATE('2024-08-20', 'YYYY-MM-DD'), TO_DATE('2024-08-25', 'YYYY-MM-DD')); -- Boeing 737 MAX
INSERT INTO AP_MANT_AVIONES (AVION_ID, TIPO_MANTENIMIENTO_ID, FECHA_INICIO_EST, FECHA_FIN_EST) VALUES (104, 2, TO_DATE('2025-03-01', 'YYYY-MM-DD'), TO_DATE('2025-03-07', 'YYYY-MM-DD'));
INSERT INTO AP_MANT_AVIONES (AVION_ID, TIPO_MANTENIMIENTO_ID, FECHA_INICIO_EST, FECHA_FIN_EST) VALUES (105, 1, TO_DATE('2024-12-01', 'YYYY-MM-DD'), TO_DATE('2024-12-05', 'YYYY-MM-DD'));
INSERT INTO AP_MANT_AVIONES (AVION_ID, TIPO_MANTENIMIENTO_ID, FECHA_INICIO_EST, FECHA_FIN_EST) VALUES (106, 2, TO_DATE('2024-09-15', 'YYYY-MM-DD'), TO_DATE('2024-09-22', 'YYYY-MM-DD')); -- Boeing 737 MAX
INSERT INTO AP_MANT_AVIONES (AVION_ID, TIPO_MANTENIMIENTO_ID, FECHA_INICIO_EST, FECHA_FIN_EST) VALUES (107, 1, TO_DATE('2025-02-10', 'YYYY-MM-DD'), TO_DATE('2025-02-14', 'YYYY-MM-DD'));
INSERT INTO AP_MANT_AVIONES (AVION_ID, TIPO_MANTENIMIENTO_ID, FECHA_INICIO_EST, FECHA_FIN_EST) VALUES (108, 2, TO_DATE('2024-10-01', 'YYYY-MM-DD'), TO_DATE('2024-10-10', 'YYYY-MM-DD'));
INSERT INTO AP_MANT_AVIONES (AVION_ID, TIPO_MANTENIMIENTO_ID, FECHA_INICIO_EST, FECHA_FIN_EST) VALUES (109, 1, TO_DATE('2025-04-15', 'YYYY-MM-DD'), TO_DATE('2025-04-20', 'YYYY-MM-DD'));
INSERT INTO AP_MANT_AVIONES (AVION_ID, TIPO_MANTENIMIENTO_ID, FECHA_INICIO_EST, FECHA_FIN_EST) VALUES (110, 2, TO_DATE('2024-07-01', 'YYYY-MM-DD'), TO_DATE('2024-07-08', 'YYYY-MM-DD'));
INSERT INTO AP_MANT_AVIONES (AVION_ID, TIPO_MANTENIMIENTO_ID, FECHA_INICIO_EST, FECHA_FIN_EST) VALUES (111, 1, TO_DATE('2023-11-20', 'YYYY-MM-DD'), TO_DATE('2023-11-25', 'YYYY-MM-DD')); -- Mantenimiento antes de 2025 (Avión inactivo)
INSERT INTO AP_MANT_AVIONES (AVION_ID, TIPO_MANTENIMIENTO_ID, FECHA_INICIO_EST, FECHA_FIN_EST) VALUES (112, 2, TO_DATE('2025-05-01', 'YYYY-MM-DD'), TO_DATE('2025-05-07', 'YYYY-MM-DD'));

-- Comentarios adicionales (no ejecutables)
-- AVION_ID y TIPO_MANTENIMIENTO_ID deben existir en sus respectivas tablas.
-- TIPO_MANTENIMIENTO_ID: 1 (Preventivo), 2 (Correctivo) (se definirá en AP_TIPOS_MANTENIMIENTO)

-- Inserciones para la tabla AP_PASAJEROS

INSERT INTO AP_PASAJEROS (PASAJERO_ID, TIPO_DOCUMENTO, NRO_DOCUMENTO, NOMBRES, AP_PATERNO, AP_MATERNO, FECHA_NACIMIENTO, SEXO, CELULAR, EMAIL, PAIS_ID) VALUES (1, 'D', '45678901', 'Jorge', 'Chávez', 'Portocarrero', TO_DATE('1975-08-12', 'YYYY-MM-DD'), 'M', '999888777', 'jorge.chavez@example.com', 1); -- Jorge Chávez (Perú)
INSERT INTO AP_PASAJEROS (PASAJERO_ID, TIPO_DOCUMENTO, NRO_DOCUMENTO, NOMBRES, AP_PATERNO, AP_MATERNO, FECHA_NACIMIENTO, SEXO, CELULAR, EMAIL, PAIS_ID) VALUES (2, 'D', '10293847', 'Ana', 'Chávez', 'Portocarrero', TO_DATE('1980-04-05', 'YYYY-MM-DD'), 'F', '987654321', 'ana.ch@example.com', 1); -- Hermana de Jorge
INSERT INTO AP_PASAJEROS (PASAJERO_ID, TIPO_DOCUMENTO, NRO_DOCUMENTO, NOMBRES, AP_PATERNO, AP_MATERNO, FECHA_NACIMIENTO, SEXO, CELULAR, EMAIL, PAIS_ID) VALUES (3, 'P', 'USA123456', 'Robert', 'Smith', 'Johnson', TO_DATE('1960-11-20', 'YYYY-MM-DD'), 'M', '15551234567', 'robert.s@example.com', 3);
INSERT INTO AP_PASAJEROS (PASAJERO_ID, TIPO_DOCUMENTO, NRO_DOCUMENTO, NOMBRES, AP_PATERNO, AP_MATERNO, FECHA_NACIMIENTO, SEXO, CELULAR, EMAIL, PAIS_ID) VALUES (4, 'P', 'USA987654', 'Clara', 'Rojo', 'Campos', TO_DATE('1988-02-15', 'YYYY-MM-DD'), 'F', '15559876543', 'clara.c@work.com', 3); -- Clara Campos Rojo (EEUU)
INSERT INTO AP_PASAJEROS (PASAJERO_ID, TIPO_DOCUMENTO, NRO_DOCUMENTO, NOMBRES, AP_PATERNO, AP_MATERNO, FECHA_NACIMIENTO, SEXO, CELULAR, EMAIL, PAIS_ID) VALUES (5, 'D', '76543210', 'Luis', 'González', 'Pérez', TO_DATE('2005-06-30', 'YYYY-MM-DD'), 'M', '976543210', 'luis.g@example.com', 1); -- Joven
INSERT INTO AP_PASAJEROS (PASAJERO_ID, TIPO_DOCUMENTO, NRO_DOCUMENTO, NOMBRES, AP_PATERNO, AP_MATERNO, FECHA_NACIMIENTO, SEXO, CELULAR, EMAIL, PAIS_ID) VALUES (6, 'P', 'CAN012345', 'Catherine', 'Tremblay', 'Dubois', TO_DATE('1995-09-01', 'YYYY-MM-DD'), 'F', '16661234567', 'catherine.t@example.com', 10);
INSERT INTO AP_PASAJEROS (PASAJERO_ID, TIPO_DOCUMENTO, NRO_DOCUMENTO, NOMBRES, AP_PATERNO, AP_MATERNO, FECHA_NACIMIENTO, SEXO, CELULAR, EMAIL, PAIS_ID) VALUES (7, 'D', '23456789', 'Javier', 'Ríos', 'Soto', TO_DATE('1948-03-25', 'YYYY-MM-DD'), 'M', '954321098', 'javier.r@example.com', 1); -- Mayor
INSERT INTO AP_PASAJEROS (PASAJERO_ID, TIPO_DOCUMENTO, NRO_DOCUMENTO, NOMBRES, AP_PATERNO, AP_MATERNO, FECHA_NACIMIENTO, SEXO, CELULAR, EMAIL, PAIS_ID) VALUES (8, 'P', 'MEX543210', 'Isabela', 'Vargas', 'Luna', TO_DATE('2012-12-01', 'YYYY-MM-DD'), 'F', NULL, 'isabela.v@example.com', 8); -- Niña
INSERT INTO AP_PASAJEROS (PASAJERO_ID, TIPO_DOCUMENTO, NRO_DOCUMENTO, NOMBRES, AP_PATERNO, AP_MATERNO, FECHA_NACIMIENTO, SEXO, CELULAR, EMAIL, PAIS_ID) VALUES (9, 'D', '89012345', 'Carmen', 'Flores', 'Ruiz', TO_DATE('1978-07-10', 'YYYY-MM-DD'), 'F', '943210987', 'carmen.f@example.com', 1);
INSERT INTO AP_PASAJEROS (PASAJERO_ID, TIPO_DOCUMENTO, NRO_DOCUMENTO, NOMBRES, AP_PATERNO, AP_MATERNO, FECHA_NACIMIENTO, SEXO, CELULAR, EMAIL, PAIS_ID) VALUES (10, 'D', '54321098', 'Elena', 'Portocarrero', 'Vargas', TO_DATE('1950-01-01', 'YYYY-MM-DD'), 'F', '932109876', 'elena.p@example.com', 1); -- Madre de Jorge
INSERT INTO AP_PASAJEROS (PASAJERO_ID, TIPO_DOCUMENTO, NRO_DOCUMENTO, NOMBRES, AP_PATERNO, AP_MATERNO, FECHA_NACIMIENTO, SEXO, CELULAR, EMAIL, PAIS_ID) VALUES (11, 'P', 'USA654321', 'Michael', 'Brown', 'Davis', TO_DATE('1985-05-22', 'YYYY-MM-DD'), 'M', '15556543210', 'michael.b@work.com', 3); -- Amigo de Clara (se mantiene para otros propósitos)
INSERT INTO AP_PASAJEROS (PASAJERO_ID, TIPO_DOCUMENTO, NRO_DOCUMENTO, NOMBRES, AP_PATERNO, AP_MATERNO, FECHA_NACIMIENTO, SEXO, CELULAR, EMAIL, PAIS_ID) VALUES (12, 'P', 'USA234567', 'Patricia', 'Rojo', 'Smith', TO_DATE('1965-10-28', 'YYYY-MM-DD'), 'F', '15552345678', 'patricia.r@example.com', 3); -- Madre de Clara


-- Comentarios adicionales (no ejecutables)
-- PAIS_ID se refiere a la tabla AP_PAISES.

-- Inserciones para la tabla AP_VUELOS (CORREGIDO)

INSERT INTO AP_VUELOS (VUELO_ID, FECHA_HORA_PARTIDA, FECHA_HORA_LLEGADA, AVION_ID, AEROPUERTO_PARTIDA_ID, AEROPUERTO_LLEGADA_ID) VALUES ('LA2201', TO_DATE('2025-05-05 08:00', 'YYYY-MM-DD HH24:MI'), TO_DATE('2025-05-05 09:15', 'YYYY-MM-DD HH24:MI'), 101, 1, 2); -- Lima - Cusco
INSERT INTO AP_VUELOS (VUELO_ID, FECHA_HORA_PARTIDA, FECHA_HORA_LLEGADA, AVION_ID, AEROPUERTO_PARTIDA_ID, AEROPUERTO_LLEGADA_ID) VALUES ('AV3002', TO_DATE('2025-05-06 14:30', 'YYYY-MM-DD HH24:MI'), TO_DATE('2025-05-06 18:00', 'YYYY-MM-DD HH24:MI'), 103, 1, 4); -- Lima - Bogotá
INSERT INTO AP_VUELOS (VUELO_ID, FECHA_HORA_PARTIDA, FECHA_HORA_LLEGADA, AVION_ID, AEROPUERTO_PARTIDA_ID, AEROPUERTO_LLEGADA_ID) VALUES ('UA4501', TO_DATE('2025-05-07 06:00', 'YYYY-MM-DD HH24:MI'), TO_DATE('2025-05-07 13:00', 'YYYY-MM-DD HH24:MI'), 104, 4, 6); -- Bogotá - New York
INSERT INTO AP_VUELOS (VUELO_ID, FECHA_HORA_PARTIDA, FECHA_HORA_LLEGADA, AVION_ID, AEROPUERTO_PARTIDA_ID, AEROPUERTO_LLEGADA_ID) VALUES ('AA1205', TO_DATE('2025-05-08 10:00', 'YYYY-MM-DD HH24:MI'), TO_DATE('2025-05-08 17:00', 'YYYY-MM-DD HH24:MI'), 106, 6, 7); -- New York - Los Angeles
INSERT INTO AP_VUELOS (VUELO_ID, FECHA_HORA_PARTIDA, FECHA_HORA_LLEGADA, AVION_ID, AEROPUERTO_PARTIDA_ID, AEROPUERTO_LLEGADA_ID) VALUES ('LA2205', TO_DATE('2025-05-03 11:00', 'YYYY-MM-DD HH24:MI'), TO_DATE('2025-05-03 12:15', 'YYYY-MM-DD HH24:MI'), 102, 2, 1); -- Cusco - Lima
INSERT INTO AP_VUELOS (VUELO_ID, FECHA_HORA_PARTIDA, FECHA_HORA_LLEGADA, AVION_ID, AEROPUERTO_PARTIDA_ID, AEROPUERTO_LLEGADA_ID) VALUES ('CM1001', TO_DATE('2025-05-04 16:00', 'YYYY-MM-DD HH24:MI'), TO_DATE('2025-05-04 19:30', 'YYYY-MM-DD HH24:MI'), 105, 5, 1); -- Medellín - Lima (Cambié destino a Lima)
INSERT INTO AP_VUELOS (VUELO_ID, FECHA_HORA_PARTIDA, FECHA_HORA_LLEGADA, AVION_ID, AEROPUERTO_PARTIDA_ID, AEROPUERTO_LLEGADA_ID) VALUES ('IB6001', TO_DATE('2025-05-07 20:00', 'YYYY-MM-DD HH24:MI'), TO_DATE('2025-05-08 07:00', 'YYYY-MM-DD HH24:MI'), 108, 1, 9); -- Lima - São Paulo
INSERT INTO AP_VUELOS (VUELO_ID, FECHA_HORA_PARTIDA, FECHA_HORA_LLEGADA, AVION_ID, AEROPUERTO_PARTIDA_ID, AEROPUERTO_LLEGADA_ID) VALUES ('LA2011', TO_DATE('2025-05-08 13:00', 'YYYY-MM-DD HH24:MI'), TO_DATE('2025-05-08 14:15', 'YYYY-MM-DD HH24:MI'), 101, 2, 1); -- Cusco - Lima (Cambié origen a Cusco)
INSERT INTO AP_VUELOS (VUELO_ID, FECHA_HORA_PARTIDA, FECHA_HORA_LLEGADA, AVION_ID, AEROPUERTO_PARTIDA_ID, AEROPUERTO_LLEGADA_ID) VALUES ('AV3005', TO_DATE('2025-05-06 09:00', 'YYYY-MM-DD HH24:MI'), TO_DATE('2025-05-06 12:30', 'YYYY-MM-DD HH24:MI'), 103, 4, 2); -- Bogotá - Cusco
INSERT INTO AP_VUELOS (VUELO_ID, FECHA_HORA_PARTIDA, FECHA_HORA_LLEGADA, AVION_ID, AEROPUERTO_PARTIDA_ID, AEROPUERTO_LLEGADA_ID) VALUES ('UA4503', TO_DATE('2025-05-07 15:00', 'YYYY-MM-DD HH24:MI'), TO_DATE('2025-05-07 22:00', 'YYYY-MM-DD HH24:MI'), 104, 7, 1); -- Los Angeles - Lima (Cambié destino a Lima)
INSERT INTO AP_VUELOS (VUELO_ID, FECHA_HORA_PARTIDA, FECHA_HORA_LLEGADA, AVION_ID, AEROPUERTO_PARTIDA_ID, AEROPUERTO_LLEGADA_ID) VALUES ('AA1210', TO_DATE('2025-05-08 18:00', 'YYYY-MM-DD HH24:MI'), TO_DATE('2025-05-09 01:00', 'YYYY-MM-DD HH24:MI'), 106, 6, 8); -- New York - Santiago

-- Comentarios adicionales (no ejecutables)
-- AVION_ID, AEROPUERTO_PARTIDA_ID, AEROPUERTO_LLEGADA_ID deben existir en sus respectivas tablas.
-- He ajustado los AEROPUERTO_PARTIDA_ID y AEROPUERTO_LLEGADA_ID para que coincidan con los definidos en AP_AEROPUERTOS.
-- Sigo incluyendo vuelos con destino a Cusco (ID 2) y ciudades de Estados Unidos (ID 6 y 7).
-- También hay vuelos realizados en aviones Boeing 737 MAX (MODELO que contiene "MAX").



-- Inserciones para la tabla AP_BOLETOS

INSERT INTO AP_BOLETOS (BOLETO_ID, NRO_SERIE, CORRELATIVO, FECHA_EMISION, CATEGORIA, PRECIO_BOLETO_USD, PASAJERO_ID, VUELO_ID) VALUES (201, 'AA-100', 1, TO_DATE('2025-05-05', 'YYYY-MM-DD'), 'E', 150.50, 1, 'LA2201'); -- Jorge Chávez
INSERT INTO AP_BOLETOS (BOLETO_ID, NRO_SERIE, CORRELATIVO, FECHA_EMISION, CATEGORIA, PRECIO_BOLETO_USD, PASAJERO_ID, VUELO_ID) VALUES (202, 'AA-100', 2, TO_DATE('2025-05-05', 'YYYY-MM-DD'), 'E', 135.75, 2, 'LA2201'); -- Familiar de Jorge Chávez
INSERT INTO AP_BOLETOS (BOLETO_ID, NRO_SERIE, CORRELATIVO, FECHA_EMISION, CATEGORIA, PRECIO_BOLETO_USD, PASAJERO_ID, VUELO_ID) VALUES (203, 'BB-210', 1, TO_DATE('2025-05-06', 'YYYY-MM-DD'), 'P', 280.00, 3, 'AV3002');
INSERT INTO AP_BOLETOS (BOLETO_ID, NRO_SERIE, CORRELATIVO, FECHA_EMISION, CATEGORIA, PRECIO_BOLETO_USD, PASAJERO_ID, VUELO_ID) VALUES (204, 'CC-320', 1, TO_DATE('2025-05-07', 'YYYY-MM-DD'), 'E', 185.20, 4, 'UA4501'); -- Clara Campos Rojo
INSERT INTO AP_BOLETOS (BOLETO_ID, NRO_SERIE, CORRELATIVO, FECHA_EMISION, CATEGORIA, PRECIO_BOLETO_USD, PASAJERO_ID, VUELO_ID) VALUES (205, 'CC-320', 2, TO_DATE('2025-05-08', 'YYYY-MM-DD'), 'E', 190.00, 4, 'AA1205'); -- Clara Campos Rojo (secuencia)
INSERT INTO AP_BOLETOS (BOLETO_ID, NRO_SERIE, CORRELATIVO, FECHA_EMISION, CATEGORIA, PRECIO_BOLETO_USD, PASAJERO_ID, VUELO_ID) VALUES (206, 'DD-430', 1, TO_DATE('2025-05-03', 'YYYY-MM-DD'), 'E', 160.90, 5, 'LA2205');
INSERT INTO AP_BOLETOS (BOLETO_ID, NRO_SERIE, CORRELATIVO, FECHA_EMISION, CATEGORIA, PRECIO_BOLETO_USD, PASAJERO_ID, VUELO_ID) VALUES (207, 'EE-540', 1, TO_DATE('2025-05-04', 'YYYY-MM-DD'), 'P', 310.50, 6, 'CM1001');
INSERT INTO AP_BOLETOS (BOLETO_ID, NRO_SERIE, CORRELATIVO, FECHA_EMISION, CATEGORIA, PRECIO_BOLETO_USD, PASAJERO_ID, VUELO_ID) VALUES (208, 'FF-650', 1, TO_DATE('2025-05-07', 'YYYY-MM-DD'), 'E', 145.00, 1, 'IB6001'); -- Jorge Chávez
INSERT INTO AP_BOLETOS (BOLETO_ID, NRO_SERIE, CORRELATIVO, FECHA_EMISION, CATEGORIA, PRECIO_BOLETO_USD, PASAJERO_ID, VUELO_ID) VALUES (209, 'GG-760', 1, TO_DATE('2025-05-08', 'YYYY-MM-DD'), 'E', 120.30, 7, 'LA2011');
INSERT INTO AP_BOLETOS (BOLETO_ID, NRO_SERIE, CORRELATIVO, FECHA_EMISION, CATEGORIA, PRECIO_BOLETO_USD, PASAJERO_ID, VUELO_ID) VALUES (210, 'HH-870', 1, TO_DATE('2025-05-06', 'YYYY-MM-DD'), 'P', 295.80, 2, 'AV3005'); -- Familiar de Jorge Chávez
INSERT INTO AP_BOLETOS (BOLETO_ID, NRO_SERIE, CORRELATIVO, FECHA_EMISION, CATEGORIA, PRECIO_BOLETO_USD, PASAJERO_ID, VUELO_ID) VALUES (211, 'II-980', 1, TO_DATE('2025-05-07', 'YYYY-MM-DD'), 'E', 170.15, 8, 'UA4503');
INSERT INTO AP_BOLETOS (BOLETO_ID, NRO_SERIE, CORRELATIVO, FECHA_EMISION, CATEGORIA, PRECIO_BOLETO_USD, PASAJERO_ID, VUELO_ID) VALUES (212, 'JJ-090', 1, TO_DATE('2025-05-08', 'YYYY-MM-DD'), 'P', 325.60, 9, 'AA1210');
INSERT INTO AP_BOLETOS (BOLETO_ID, NRO_SERIE, CORRELATIVO, FECHA_EMISION, CATEGORIA, PRECIO_BOLETO_USD, PASAJERO_ID, VUELO_ID) VALUES (213, 'AA-100', 3, TO_DATE('2025-05-05', 'YYYY-MM-DD'), 'E', 144.00, 10, 'LA2201'); -- Familiar de Jorge Chávez

-- Comentarios adicionales (no ejecutables)
-- Asumo que las claves foráneas (PASAJERO_ID, VUELO_ID) ya existen en sus respectivas tablas.
-- Los VUELO_ID se crearán en el archivo AP_VUELOS.sql


-- Inserciones para la tabla AP_EMPLEADOS_VUELOS

INSERT INTO AP_EMPLEADOS_VUELOS (VUELO_ID, EMPLEADO_ID) VALUES ('LA2201', 'EMP001'); -- Piloto en vuelo LA2201
INSERT INTO AP_EMPLEADOS_VUELOS (VUELO_ID, EMPLEADO_ID) VALUES ('LA2201', 'EMP004'); -- Aeromoza en vuelo LA2201
INSERT INTO AP_EMPLEADOS_VUELOS (VUELO_ID, EMPLEADO_ID) VALUES ('AV3002', 'EMP005'); -- Piloto en vuelo AV3002
INSERT INTO AP_EMPLEADOS_VUELOS (VUELO_ID, EMPLEADO_ID) VALUES ('AV3002', 'EMP003'); -- Jefe de Cabina en vuelo AV3002
INSERT INTO AP_EMPLEADOS_VUELOS (VUELO_ID, EMPLEADO_ID) VALUES ('UA4501', 'EMP002'); -- Copiloto en vuelo UA4501
INSERT INTO AP_EMPLEADOS_VUELOS (VUELO_ID, EMPLEADO_ID) VALUES ('UA4501', 'EMP006'); -- Aeromoza en vuelo UA4501
INSERT INTO AP_EMPLEADOS_VUELOS (VUELO_ID, EMPLEADO_ID) VALUES ('AA1205', 'EMP001'); -- Piloto en vuelo AA1205
INSERT INTO AP_EMPLEADOS_VUELOS (VUELO_ID, EMPLEADO_ID) VALUES ('AA1205', 'EMP004'); -- Aeromoza en vuelo AA1205
INSERT INTO AP_EMPLEADOS_VUELOS (VUELO_ID, EMPLEADO_ID) VALUES ('LA2205', 'EMP005'); -- Piloto en vuelo LA2205
INSERT INTO AP_EMPLEADOS_VUELOS (VUELO_ID, EMPLEADO_ID) VALUES ('LA2205', 'EMP003'); -- Jefe de Cabina en vuelo LA2205
INSERT INTO AP_EMPLEADOS_VUELOS (VUELO_ID, EMPLEADO_ID) VALUES ('CM1001', 'EMP002'); -- Copiloto en vuelo CM1001
INSERT INTO AP_EMPLEADOS_VUELOS (VUELO_ID, EMPLEADO_ID) VALUES ('CM1001', 'EMP006'); -- Aeromoza en vuelo CM1001
INSERT INTO AP_EMPLEADOS_VUELOS (VUELO_ID, EMPLEADO_ID) VALUES ('IB6001', 'EMP001'); -- Piloto en vuelo IB6001
INSERT INTO AP_EMPLEADOS_VUELOS (VUELO_ID, EMPLEADO_ID) VALUES ('IB6001', 'EMP004'); -- Aeromoza en vuelo IB6001
INSERT INTO AP_EMPLEADOS_VUELOS (VUELO_ID, EMPLEADO_ID) VALUES ('LA2011', 'EMP005'); -- Piloto en vuelo LA2011
INSERT INTO AP_EMPLEADOS_VUELOS (VUELO_ID, EMPLEADO_ID) VALUES ('LA2011', 'EMP003'); -- Jefe de Cabina en vuelo LA2011
INSERT INTO AP_EMPLEADOS_VUELOS (VUELO_ID, EMPLEADO_ID) VALUES ('AV3005', 'EMP002'); -- Copiloto en vuelo AV3005
INSERT INTO AP_EMPLEADOS_VUELOS (VUELO_ID, EMPLEADO_ID) VALUES ('AV3005', 'EMP006'); -- Aeromoza en vuelo AV3005
INSERT INTO AP_EMPLEADOS_VUELOS (VUELO_ID, EMPLEADO_ID) VALUES ('UA4503', 'EMP001'); -- Piloto en vuelo UA4503
INSERT INTO AP_EMPLEADOS_VUELOS (VUELO_ID, EMPLEADO_ID) VALUES ('UA4503', 'EMP004'); -- Aeromoza en vuelo UA4503
INSERT INTO AP_EMPLEADOS_VUELOS (VUELO_ID, EMPLEADO_ID) VALUES ('AA1210', 'EMP005'); -- Piloto en vuelo AA1210
INSERT INTO AP_EMPLEADOS_VUELOS (VUELO_ID, EMPLEADO_ID) VALUES ('AA1210', 'EMP003'); -- Jefe de Cabina en vuelo AA1210

-- Comentarios adicionales (no ejecutables)
-- Asumo que los VUELO_ID y EMPLEADO_ID ya existen en sus respectivas tablas.


-- Inserciones para la tabla AP_EQUIPAJES_BOLETOS

INSERT INTO AP_EQUIPAJES_BOLETOS (BOLETO_ID, TIPO_EQUIPAJE_ID, DESCRIPCION, PRECIO_EQUIPAJE_USD, PESO) VALUES (201, 2, 'Maleta estándar', 25.00, 15.5); -- Jorge Chávez
INSERT INTO AP_EQUIPAJES_BOLETOS (BOLETO_ID, TIPO_EQUIPAJE_ID, DESCRIPCION, PRECIO_EQUIPAJE_USD, PESO) VALUES (202, 2, 'Maleta pequeña', 15.00, 10.2); -- Familiar de Jorge Chávez
INSERT INTO AP_EQUIPAJES_BOLETOS (BOLETO_ID, TIPO_EQUIPAJE_ID, DESCRIPCION, PRECIO_EQUIPAJE_USD, PESO) VALUES (203, 1, 'Mochila', 0.00, 5.1);
INSERT INTO AP_EQUIPAJES_BOLETOS (BOLETO_ID, TIPO_EQUIPAJE_ID, DESCRIPCION, PRECIO_EQUIPAJE_USD, PESO) VALUES (204, 2, 'Maleta ejecutiva', 30.00, 18.7); -- Clara Campos Rojo
INSERT INTO AP_EQUIPAJES_BOLETOS (BOLETO_ID, TIPO_EQUIPAJE_ID, DESCRIPCION, PRECIO_EQUIPAJE_USD, PESO) VALUES (205, 2, 'Maleta adicional', 40.00, 22.0); -- Clara Campos Rojo
INSERT INTO AP_EQUIPAJES_BOLETOS (BOLETO_ID, TIPO_EQUIPAJE_ID, DESCRIPCION, PRECIO_EQUIPAJE_USD, PESO) VALUES (206, 1, 'Bolso de mano', 0.00, 3.8);
INSERT INTO AP_EQUIPAJES_BOLETOS (BOLETO_ID, TIPO_EQUIPAJE_ID, DESCRIPCION, PRECIO_EQUIPAJE_USD, PESO) VALUES (207, 3, 'Equipo de golf', 50.00, 12.3);
INSERT INTO AP_EQUIPAJES_BOLETOS (BOLETO_ID, TIPO_EQUIPAJE_ID, DESCRIPCION, PRECIO_EQUIPAJE_USD, PESO) VALUES (208, 2, 'Maleta familiar', 35.00, 20.1); -- Jorge Chávez
INSERT INTO AP_EQUIPAJES_BOLETOS (BOLETO_ID, TIPO_EQUIPAJE_ID, DESCRIPCION, PRECIO_EQUIPAJE_USD, PESO) VALUES (209, 1, 'Laptop', 0.00, 2.5);
INSERT INTO AP_EQUIPAJES_BOLETOS (BOLETO_ID, TIPO_EQUIPAJE_ID, DESCRIPCION, PRECIO_EQUIPAJE_USD, PESO) VALUES (210, 2, 'Maleta de viaje', 28.00, 16.9); -- Familiar de Jorge Chávez
INSERT INTO AP_EQUIPAJES_BOLETOS (BOLETO_ID, TIPO_EQUIPAJE_ID, DESCRIPCION, PRECIO_EQUIPAJE_USD, PESO) VALUES (211, 4, 'Guitarra', 45.00, 8.0);
INSERT INTO AP_EQUIPAJES_BOLETOS (BOLETO_ID, TIPO_EQUIPAJE_ID, DESCRIPCION, PRECIO_EQUIPAJE_USD, PESO) VALUES (212, 2, 'Maleta grande', 42.00, 23.5);

-- Comentarios adicionales (no ejecutables)
-- BOLETO_ID y TIPO_EQUIPAJE_ID deben existir en sus respectivas tablas.


-- Inserciones para la tabla AP_PARENTESCOS

INSERT INTO AP_PARENTESCOS (PASAJERO_ID, PARIENTE_ID, VINCULO) VALUES (1, 2, 'Hermano'); -- Jorge Chávez tiene un hermano que vuela con él
INSERT INTO AP_PARENTESCOS (PASAJERO_ID, PARIENTE_ID, VINCULO) VALUES (2, 1, 'Hermano');
INSERT INTO AP_PARENTESCOS (PASAJERO_ID, PARIENTE_ID, VINCULO) VALUES (1, 10, 'Madre'); -- Jorge Chávez tiene una madre que vuela con él
INSERT INTO AP_PARENTESCOS (PASAJERO_ID, PARIENTE_ID, VINCULO) VALUES (10, 1, 'Hijo');
INSERT INTO AP_PARENTESCOS (PASAJERO_ID, PARIENTE_ID, VINCULO) VALUES (3, 6, 'Padre');
INSERT INTO AP_PARENTESCOS (PASAJERO_ID, PARIENTE_ID, VINCULO) VALUES (6, 3, 'Hijo');
INSERT INTO AP_PARENTESCOS (PASAJERO_ID, PARIENTE_ID, VINCULO) VALUES (7, 9, 'Esposo');
INSERT INTO AP_PARENTESCOS (PASAJERO_ID, PARIENTE_ID, VINCULO) VALUES (9, 7, 'Esposa');
INSERT INTO AP_PARENTESCOS (PASAJERO_ID, PARIENTE_ID, VINCULO) VALUES (4, 12, 'Madre'); -- Clara Campos Rojo viaja con su madre (nuevo pasajero ID 12)
INSERT INTO AP_PARENTESCOS (PASAJERO_ID, PARIENTE_ID, VINCULO) VALUES (12, 4, 'Hija');

-- Comentarios adicionales (no ejecutables)
-- PASAJERO_ID y PARIENTE_ID deben existir en la tabla AP_PASAJEROS.
-- Se asume que el PASAJERO_ID 12 (madre de Clara) ya fue insertado en AP_PASAJEROS.


commit;
