
Insert into CLIENTE (ID_CLIENTE,RAZON_SOCIAL,RUC,TELEFONO,CORREO,DIRECCION_FISCAL) values ('1','CREACIONES BASICAS ',null,'3456789 ','creacion@gmail.com ','Av. Puruchuco 345 ');
Insert into CLIENTE (ID_CLIENTE,RAZON_SOCIAL,RUC,TELEFONO,CORREO,DIRECCION_FISCAL) values ('2','Rosa Varga ',null,'2347890 ','rvargas@gmail.com ','Pasaje Chorrillos 789 ');
Insert into CLIENTE (ID_CLIENTE,RAZON_SOCIAL,RUC,TELEFONO,CORREO,DIRECCION_FISCAL) values ('3','Irvin Gonzales ','10453874350','976613423 ','irving@gmail.com ',null);
Insert into CLIENTE (ID_CLIENTE,RAZON_SOCIAL,RUC,TELEFONO,CORREO,DIRECCION_FISCAL) values ('4','Universidad del Centro ','209045678 ','2135678 ','coordinacion@univcentro.edu.pe ','Av. Canto Grande 289 ');
Insert into CLIENTE (ID_CLIENTE,RAZON_SOCIAL,RUC,TELEFONO,CORREO,DIRECCION_FISCAL) values ('5','Muebleria La Unica ','21904536 ','999345671 ','launica@muebleria.com.pe ','Calle Las Rosas 4567 ');
Insert into CLIENTE (ID_CLIENTE,RAZON_SOCIAL,RUC,TELEFONO,CORREO,DIRECCION_FISCAL) values ('6','Panaderia Rosita ',null,'4557890 ','informes@panaderiarosita.com.pe ','Av Bolivar 876 ');
Insert into CLIENTE (ID_CLIENTE,RAZON_SOCIAL,RUC,TELEFONO,CORREO,DIRECCION_FISCAL) values ('7','Interprovincial Lima ',null,'34589560 ','gestion@pinterprovincial.com.pe ','Av Tomas Valle 145 ');
Insert into CLIENTE (ID_CLIENTE,RAZON_SOCIAL,RUC,TELEFONO,CORREO,DIRECCION_FISCAL) values ('8','Inversiones Group Lima ',null,'356789023 ','consultas_group@inversiones.com ','Calle Rosendo 457 ');

commit;

Insert into ROL (ID_ROL,DESCRIPCION,ES_JEFE,ACTIVO) values ('1','Administrador','S','S');
Insert into ROL (ID_ROL,DESCRIPCION,ES_JEFE,ACTIVO) values ('2','Almacenero','N','S');
Insert into ROL (ID_ROL,DESCRIPCION,ES_JEFE,ACTIVO) values ('3','Vendedor','N','S');
Insert into ROL (ID_ROL,DESCRIPCION,ES_JEFE,ACTIVO) values ('4','Jefe de Almacen','S','S');
Insert into ROL (ID_ROL,DESCRIPCION,ES_JEFE,ACTIVO) values ('5','Jefe de produccion','S','S');
Insert into ROL (ID_ROL,DESCRIPCION,ES_JEFE,ACTIVO) values ('6','Supervisor de produccion','S','S');

commit;


Insert into EMPLEADO (ID_EMPLEADO,NOMBRE,APE_PATERNO,APE_MATERNO,ACTIVO,FECHA_FIN_CONTRATO,ID_ROL) values ('1','CobS','Ballard','Salazar','N',to_date('01/02/25','DD/MM/RR'),'4');
Insert into EMPLEADO (ID_EMPLEADO,NOMBRE,APE_PATERNO,APE_MATERNO,ACTIVO,FECHA_FIN_CONTRATO,ID_ROL) values ('2','Kennan','Harrell','Huff','N',to_date('16/04/27','DD/MM/RR'),'3');
Insert into EMPLEADO (ID_EMPLEADO,NOMBRE,APE_PATERNO,APE_MATERNO,ACTIVO,FECHA_FIN_CONTRATO,ID_ROL) values ('3','Akeem','Munoz','Farmer','S',to_date('26/05/28','DD/MM/RR'),'2');
Insert into EMPLEADO (ID_EMPLEADO,NOMBRE,APE_PATERNO,APE_MATERNO,ACTIVO,FECHA_FIN_CONTRATO,ID_ROL) values ('4','Victor','Munoz','Carter','S',to_date('16/10/27','DD/MM/RR'),'2');
Insert into EMPLEADO (ID_EMPLEADO,NOMBRE,APE_PATERNO,APE_MATERNO,ACTIVO,FECHA_FIN_CONTRATO,ID_ROL) values ('5','Sophia','RSan','Nieves','N',to_date('24/02/27','DD/MM/RR'),'3');
Insert into EMPLEADO (ID_EMPLEADO,NOMBRE,APE_PATERNO,APE_MATERNO,ACTIVO,FECHA_FIN_CONTRATO,ID_ROL) values ('6','Fitzgerald','Mcintosh','Tran','S',to_date('21/03/26','DD/MM/RR'),'2');
Insert into EMPLEADO (ID_EMPLEADO,NOMBRE,APE_PATERNO,APE_MATERNO,ACTIVO,FECHA_FIN_CONTRATO,ID_ROL) values ('7','RosalSn','BentleS','Shannon','N',to_date('10/07/26','DD/MM/RR'),'3');
Insert into EMPLEADO (ID_EMPLEADO,NOMBRE,APE_PATERNO,APE_MATERNO,ACTIVO,FECHA_FIN_CONTRATO,ID_ROL) values ('8','Jaden','Graves','Schneider','N',to_date('23/10/30','DD/MM/RR'),'1');
Insert into EMPLEADO (ID_EMPLEADO,NOMBRE,APE_PATERNO,APE_MATERNO,ACTIVO,FECHA_FIN_CONTRATO,ID_ROL) values ('9','KSlSnn','Bruce','Castillo','N',to_date('17/05/28','DD/MM/RR'),'1');
Insert into EMPLEADO (ID_EMPLEADO,NOMBRE,APE_PATERNO,APE_MATERNO,ACTIVO,FECHA_FIN_CONTRATO,ID_ROL) values ('10','Cameron','Lucas','Hurst','N',to_date('14/11/24','DD/MM/RR'),'2');
Insert into EMPLEADO (ID_EMPLEADO,NOMBRE,APE_PATERNO,APE_MATERNO,ACTIVO,FECHA_FIN_CONTRATO,ID_ROL) values ('11','John','Pugh','Villarreal','N',to_date('07/11/29','DD/MM/RR'),'5');
Insert into EMPLEADO (ID_EMPLEADO,NOMBRE,APE_PATERNO,APE_MATERNO,ACTIVO,FECHA_FIN_CONTRATO,ID_ROL) values ('12','Robin','MccraS','Beach','N',to_date('15/01/25','DD/MM/RR'),'3');
Insert into EMPLEADO (ID_EMPLEADO,NOMBRE,APE_PATERNO,APE_MATERNO,ACTIVO,FECHA_FIN_CONTRATO,ID_ROL) values ('13','DaceS','Bowers','Dickson','N',to_date('26/03/28','DD/MM/RR'),'2');
Insert into EMPLEADO (ID_EMPLEADO,NOMBRE,APE_PATERNO,APE_MATERNO,ACTIVO,FECHA_FIN_CONTRATO,ID_ROL) values ('14','Hadassah','Glenn','Prince','S',to_date('17/04/30','DD/MM/RR'),'4');
Insert into EMPLEADO (ID_EMPLEADO,NOMBRE,APE_PATERNO,APE_MATERNO,ACTIVO,FECHA_FIN_CONTRATO,ID_ROL) values ('15','Ori','Ferrell','Fields','S',to_date('28/05/25','DD/MM/RR'),'1');
Insert into EMPLEADO (ID_EMPLEADO,NOMBRE,APE_PATERNO,APE_MATERNO,ACTIVO,FECHA_FIN_CONTRATO,ID_ROL) values ('16','Fletcher','Joseph','Robinson','N',to_date('11/12/28','DD/MM/RR'),'1');
Insert into EMPLEADO (ID_EMPLEADO,NOMBRE,APE_PATERNO,APE_MATERNO,ACTIVO,FECHA_FIN_CONTRATO,ID_ROL) values ('17','Malachi','Roberson','Baldwin','S',to_date('06/11/24','DD/MM/RR'),'5');
Insert into EMPLEADO (ID_EMPLEADO,NOMBRE,APE_PATERNO,APE_MATERNO,ACTIVO,FECHA_FIN_CONTRATO,ID_ROL) values ('18','MacaulaS','Sork','Valdez','N',to_date('11/04/30','DD/MM/RR'),'5');
Insert into EMPLEADO (ID_EMPLEADO,NOMBRE,APE_PATERNO,APE_MATERNO,ACTIVO,FECHA_FIN_CONTRATO,ID_ROL) values ('19','Brenna','Munoz','ASers','S',to_date('07/11/27','DD/MM/RR'),'6');
Insert into EMPLEADO (ID_EMPLEADO,NOMBRE,APE_PATERNO,APE_MATERNO,ACTIVO,FECHA_FIN_CONTRATO,ID_ROL) values ('20','UnitS','Morton','Chan','N',to_date('16/08/28','DD/MM/RR'),'4');
Insert into EMPLEADO (ID_EMPLEADO,NOMBRE,APE_PATERNO,APE_MATERNO,ACTIVO,FECHA_FIN_CONTRATO,ID_ROL) values ('21','Ezra','Marsh','SweeneS','S',to_date('24/05/26','DD/MM/RR'),'3');
Insert into EMPLEADO (ID_EMPLEADO,NOMBRE,APE_PATERNO,APE_MATERNO,ACTIVO,FECHA_FIN_CONTRATO,ID_ROL) values ('22','Reese','Gould','BSrd','N',to_date('20/07/29','DD/MM/RR'),'3');
Insert into EMPLEADO (ID_EMPLEADO,NOMBRE,APE_PATERNO,APE_MATERNO,ACTIVO,FECHA_FIN_CONTRATO,ID_ROL) values ('23','Charles','RoS','Sanford','S',to_date('13/01/28','DD/MM/RR'),'4');
Insert into EMPLEADO (ID_EMPLEADO,NOMBRE,APE_PATERNO,APE_MATERNO,ACTIVO,FECHA_FIN_CONTRATO,ID_ROL) values ('24','Judith','Barnett','Salinas','N',to_date('07/06/27','DD/MM/RR'),'4');
Insert into EMPLEADO (ID_EMPLEADO,NOMBRE,APE_PATERNO,APE_MATERNO,ACTIVO,FECHA_FIN_CONTRATO,ID_ROL) values ('25','Bell','LSnn','BerrS','N',to_date('22/05/28','DD/MM/RR'),'1');
Insert into EMPLEADO (ID_EMPLEADO,NOMBRE,APE_PATERNO,APE_MATERNO,ACTIVO,FECHA_FIN_CONTRATO,ID_ROL) values ('26','Randall','Durham','Stuart','N',to_date('28/03/25','DD/MM/RR'),'3');
Insert into EMPLEADO (ID_EMPLEADO,NOMBRE,APE_PATERNO,APE_MATERNO,ACTIVO,FECHA_FIN_CONTRATO,ID_ROL) values ('27','Levi','Macdonald','Mcdowell','S',to_date('17/01/30','DD/MM/RR'),'1');
Insert into EMPLEADO (ID_EMPLEADO,NOMBRE,APE_PATERNO,APE_MATERNO,ACTIVO,FECHA_FIN_CONTRATO,ID_ROL) values ('28','KirbS','TalleS','Moore','S',to_date('20/07/27','DD/MM/RR'),'3');
Insert into EMPLEADO (ID_EMPLEADO,NOMBRE,APE_PATERNO,APE_MATERNO,ACTIVO,FECHA_FIN_CONTRATO,ID_ROL) values ('29','Elton','MaSnard','Schwartz','S',to_date('07/09/26','DD/MM/RR'),'2');
Insert into EMPLEADO (ID_EMPLEADO,NOMBRE,APE_PATERNO,APE_MATERNO,ACTIVO,FECHA_FIN_CONTRATO,ID_ROL) values ('30','Finn','Hart','Callahan','S',to_date('23/01/28','DD/MM/RR'),'3');
Insert into EMPLEADO (ID_EMPLEADO,NOMBRE,APE_PATERNO,APE_MATERNO,ACTIVO,FECHA_FIN_CONTRATO,ID_ROL) values ('31','Gloria','Rowland','Spencer','S',to_date('27/11/28','DD/MM/RR'),'3');
Insert into EMPLEADO (ID_EMPLEADO,NOMBRE,APE_PATERNO,APE_MATERNO,ACTIVO,FECHA_FIN_CONTRATO,ID_ROL) values ('32','Abraham','Ramos','FloSd','N',to_date('13/03/29','DD/MM/RR'),'1');
Insert into EMPLEADO (ID_EMPLEADO,NOMBRE,APE_PATERNO,APE_MATERNO,ACTIVO,FECHA_FIN_CONTRATO,ID_ROL) values ('33','Grant','Keller','Lambert','S',to_date('25/11/25','DD/MM/RR'),'5');
Insert into EMPLEADO (ID_EMPLEADO,NOMBRE,APE_PATERNO,APE_MATERNO,ACTIVO,FECHA_FIN_CONTRATO,ID_ROL) values ('34','Briar','Bruce','Colon','N',to_date('11/04/25','DD/MM/RR'),'3');
Insert into EMPLEADO (ID_EMPLEADO,NOMBRE,APE_PATERNO,APE_MATERNO,ACTIVO,FECHA_FIN_CONTRATO,ID_ROL) values ('35','Regan','Burton','Bonner','S',to_date('09/02/25','DD/MM/RR'),'3');
Insert into EMPLEADO (ID_EMPLEADO,NOMBRE,APE_PATERNO,APE_MATERNO,ACTIVO,FECHA_FIN_CONTRATO,ID_ROL) values ('36','Quamar','Holland','Pate','N',to_date('19/02/27','DD/MM/RR'),'1');
Insert into EMPLEADO (ID_EMPLEADO,NOMBRE,APE_PATERNO,APE_MATERNO,ACTIVO,FECHA_FIN_CONTRATO,ID_ROL) values ('37','Mira','Brown','Nielsen','S',to_date('21/05/29','DD/MM/RR'),'5');
Insert into EMPLEADO (ID_EMPLEADO,NOMBRE,APE_PATERNO,APE_MATERNO,ACTIVO,FECHA_FIN_CONTRATO,ID_ROL) values ('38','Mira','Freeman','Sosa','N',to_date('02/01/26','DD/MM/RR'),'1');
Insert into EMPLEADO (ID_EMPLEADO,NOMBRE,APE_PATERNO,APE_MATERNO,ACTIVO,FECHA_FIN_CONTRATO,ID_ROL) values ('39','Christen','Cooper','Gomez','S',to_date('16/09/25','DD/MM/RR'),'6');
Insert into EMPLEADO (ID_EMPLEADO,NOMBRE,APE_PATERNO,APE_MATERNO,ACTIVO,FECHA_FIN_CONTRATO,ID_ROL) values ('40','Lacota','Rodriquez','Steele','S',to_date('15/04/27','DD/MM/RR'),'3');

commit;


Insert into TIPO_BUS (ID_TIPO_BUS,NOMBRE) values ('1','Bus de transporte publico');
Insert into TIPO_BUS (ID_TIPO_BUS,NOMBRE) values ('2','Bus para transporte de personal');
Insert into TIPO_BUS (ID_TIPO_BUS,NOMBRE) values ('3','Bus de transporte interprovincial');
Insert into TIPO_BUS (ID_TIPO_BUS,NOMBRE) values ('4','Bus para el sector turismo');
Insert into TIPO_BUS (ID_TIPO_BUS,NOMBRE) values ('5','Bus para servicio privado');

commit;


Insert into ORDEN_PRODUCCION (ID_ORDEN_PRODUCCION,FECHA_REGISTRO,FECHA_INICIO,FECHA_CULMINACION,ID_PERSONAL_ACARGO,ESPECIFICACION,COSTO_PRODUCCION_UNITARIO) values ('1',to_date('18/03/24','DD/MM/RR'),to_date('20/03/24','DD/MM/RR'),to_date('30/03/24','DD/MM/RR'),'10','Fabricar bus de transporte publico','100000');
Insert into ORDEN_PRODUCCION (ID_ORDEN_PRODUCCION,FECHA_REGISTRO,FECHA_INICIO,FECHA_CULMINACION,ID_PERSONAL_ACARGO,ESPECIFICACION,COSTO_PRODUCCION_UNITARIO) values ('2',to_date('25/04/24','DD/MM/RR'),to_date('26/04/24','DD/MM/RR'),to_date('07/06/24','DD/MM/RR'),'8','Fabricar bus de transporte de personal','80000');
Insert into ORDEN_PRODUCCION (ID_ORDEN_PRODUCCION,FECHA_REGISTRO,FECHA_INICIO,FECHA_CULMINACION,ID_PERSONAL_ACARGO,ESPECIFICACION,COSTO_PRODUCCION_UNITARIO) values ('3',to_date('13/09/24','DD/MM/RR'),to_date('15/09/24','DD/MM/RR'),to_date('08/10/24','DD/MM/RR'),'10','Fabricar bus para sector turismo','90000');
Insert into ORDEN_PRODUCCION (ID_ORDEN_PRODUCCION,FECHA_REGISTRO,FECHA_INICIO,FECHA_CULMINACION,ID_PERSONAL_ACARGO,ESPECIFICACION,COSTO_PRODUCCION_UNITARIO) values ('4',to_date('09/02/24','DD/MM/RR'),to_date('09/02/24','DD/MM/RR'),to_date('06/03/24','DD/MM/RR'),'8','Fabricar bus para servicio privado','50000');
Insert into ORDEN_PRODUCCION (ID_ORDEN_PRODUCCION,FECHA_REGISTRO,FECHA_INICIO,FECHA_CULMINACION,ID_PERSONAL_ACARGO,ESPECIFICACION,COSTO_PRODUCCION_UNITARIO) values ('5',to_date('01/01/24','DD/MM/RR'),to_date('01/01/24','DD/MM/RR'),to_date('01/04/24','DD/MM/RR'),'10','Fabricar bus para transporte interprovincial','120000');

commit;


Insert into SEDE (ID_SEDE,NOMBRE_SEDE,DISTRITO,PROVINCIA,AREA_SEDE,DIRECCION,TELEFONO,CODIGO_POSTAL,ACTIVO,FECHA_CREACION,FECHA_ULTIMA_MODIFICACION) values ('1','Almacen central','Villa El Salvador','Lima','200','Av. Grande 231 Mz. C. Lote 1',null,null,null,to_date('12/12/24','DD/MM/RR'),to_date('12/12/24','DD/MM/RR'));
Insert into SEDE (ID_SEDE,NOMBRE_SEDE,DISTRITO,PROVINCIA,AREA_SEDE,DIRECCION,TELEFONO,CODIGO_POSTAL,ACTIVO,FECHA_CREACION,FECHA_ULTIMA_MODIFICACION) values ('2','Almacen Sur','Lurin','Lima','1000','Av. Piura 1050 Mz. D.','2345678',null,null,to_date('12/12/24','DD/MM/RR'),to_date('12/12/24','DD/MM/RR'));
Insert into SEDE (ID_SEDE,NOMBRE_SEDE,DISTRITO,PROVINCIA,AREA_SEDE,DIRECCION,TELEFONO,CODIGO_POSTAL,ACTIVO,FECHA_CREACION,FECHA_ULTIMA_MODIFICACION) values ('3','Almacen Sur II','Villa El Salvador','Lima','500','Av. Piura 5690 Mz. A.','980457879',null,null,to_date('12/12/24','DD/MM/RR'),to_date('12/12/24','DD/MM/RR'));
Insert into SEDE (ID_SEDE,NOMBRE_SEDE,DISTRITO,PROVINCIA,AREA_SEDE,DIRECCION,TELEFONO,CODIGO_POSTAL,ACTIVO,FECHA_CREACION,FECHA_ULTIMA_MODIFICACION) values ('4','Almacen Cono Norte','Comas','Lima','1500','Av. Pasamayo 456','2345667',null,null,to_date('12/12/24','DD/MM/RR'),to_date('12/12/24','DD/MM/RR'));
Insert into SEDE (ID_SEDE,NOMBRE_SEDE,DISTRITO,PROVINCIA,AREA_SEDE,DIRECCION,TELEFONO,CODIGO_POSTAL,ACTIVO,FECHA_CREACION,FECHA_ULTIMA_MODIFICACION) values ('5','Almacen Norte','San Martin de Porres','Lima','400','Calle Tarazona 101','967456382',null,null,to_date('12/12/24','DD/MM/RR'),to_date('12/12/24','DD/MM/RR'));
Insert into SEDE (ID_SEDE,NOMBRE_SEDE,DISTRITO,PROVINCIA,AREA_SEDE,DIRECCION,TELEFONO,CODIGO_POSTAL,ACTIVO,FECHA_CREACION,FECHA_ULTIMA_MODIFICACION) values ('6','Almacen Chico','Villa El Salvador','Lima','450','Calle C 346 Mz. B. Lote 3','2179463',null,null,to_date('12/12/24','DD/MM/RR'),to_date('12/12/24','DD/MM/RR'));
Insert into SEDE (ID_SEDE,NOMBRE_SEDE,DISTRITO,PROVINCIA,AREA_SEDE,DIRECCION,TELEFONO,CODIGO_POSTAL,ACTIVO,FECHA_CREACION,FECHA_ULTIMA_MODIFICACION) values ('7','Deposito Emergencia','Villa El Salvador','Lima','350','Av. Pasco 480','909346712',null,null,to_date('12/12/24','DD/MM/RR'),to_date('12/12/24','DD/MM/RR'));
Insert into SEDE (ID_SEDE,NOMBRE_SEDE,DISTRITO,PROVINCIA,AREA_SEDE,DIRECCION,TELEFONO,CODIGO_POSTAL,ACTIVO,FECHA_CREACION,FECHA_ULTIMA_MODIFICACION) values ('8','Almacen Centro II','La Molina','Lima','350','Av. La Molina 270','4563890',null,null,to_date('12/12/24','DD/MM/RR'),to_date('12/12/24','DD/MM/RR'));

commit;

Insert into FORMA_PAGO (ID_FORMA_PAGO,NOMBRE_FORMA_PAGO,MONEDA) values ('1','tarjeta debito','S');
Insert into FORMA_PAGO (ID_FORMA_PAGO,NOMBRE_FORMA_PAGO,MONEDA) values ('2','tarjeta credito','S');
Insert into FORMA_PAGO (ID_FORMA_PAGO,NOMBRE_FORMA_PAGO,MONEDA) values ('3','efectivo','S');
Insert into FORMA_PAGO (ID_FORMA_PAGO,NOMBRE_FORMA_PAGO,MONEDA) values ('4','efectivo','D');
Insert into FORMA_PAGO (ID_FORMA_PAGO,NOMBRE_FORMA_PAGO,MONEDA) values ('5','transferencia','S');


commit;


Insert into ORDEN_PEDIDO (ID_ORDEN_PEDIDO,FECHA_REGISTRO,FECHA_ENTREGA,ID_CLIENTE,ID_SEDE,ID_FORMA_PAGO) values ('1',to_date('10/01/24','DD/MM/RR'),to_date('30/01/24','DD/MM/RR'),'4','3','3');
Insert into ORDEN_PEDIDO (ID_ORDEN_PEDIDO,FECHA_REGISTRO,FECHA_ENTREGA,ID_CLIENTE,ID_SEDE,ID_FORMA_PAGO) values ('2',to_date('18/03/24','DD/MM/RR'),to_date('01/04/24','DD/MM/RR'),'4','5','3');
Insert into ORDEN_PEDIDO (ID_ORDEN_PEDIDO,FECHA_REGISTRO,FECHA_ENTREGA,ID_CLIENTE,ID_SEDE,ID_FORMA_PAGO) values ('3',to_date('08/02/24','DD/MM/RR'),to_date('24/02/24','DD/MM/RR'),'5','2','2');
Insert into ORDEN_PEDIDO (ID_ORDEN_PEDIDO,FECHA_REGISTRO,FECHA_ENTREGA,ID_CLIENTE,ID_SEDE,ID_FORMA_PAGO) values ('4',to_date('23/04/24','DD/MM/RR'),to_date('05/05/24','DD/MM/RR'),'5','5','2');
Insert into ORDEN_PEDIDO (ID_ORDEN_PEDIDO,FECHA_REGISTRO,FECHA_ENTREGA,ID_CLIENTE,ID_SEDE,ID_FORMA_PAGO) values ('5',to_date('25/04/24','DD/MM/RR'),to_date('09/06/24','DD/MM/RR'),'2','1','5');
Insert into ORDEN_PEDIDO (ID_ORDEN_PEDIDO,FECHA_REGISTRO,FECHA_ENTREGA,ID_CLIENTE,ID_SEDE,ID_FORMA_PAGO) values ('6',to_date('18/03/24','DD/MM/RR'),to_date('01/04/24','DD/MM/RR'),'3','8','5');
Insert into ORDEN_PEDIDO (ID_ORDEN_PEDIDO,FECHA_REGISTRO,FECHA_ENTREGA,ID_CLIENTE,ID_SEDE,ID_FORMA_PAGO) values ('7',to_date('09/02/24','DD/MM/RR'),to_date('09/03/24','DD/MM/RR'),'1','1','4');
Insert into ORDEN_PEDIDO (ID_ORDEN_PEDIDO,FECHA_REGISTRO,FECHA_ENTREGA,ID_CLIENTE,ID_SEDE,ID_FORMA_PAGO) values ('8',to_date('10/02/24','DD/MM/RR'),to_date('01/03/24','DD/MM/RR'),'6','1','5');
Insert into ORDEN_PEDIDO (ID_ORDEN_PEDIDO,FECHA_REGISTRO,FECHA_ENTREGA,ID_CLIENTE,ID_SEDE,ID_FORMA_PAGO) values ('9',to_date('01/03/24','DD/MM/RR'),to_date('25/03/24','DD/MM/RR'),'6','8','1');
Insert into ORDEN_PEDIDO (ID_ORDEN_PEDIDO,FECHA_REGISTRO,FECHA_ENTREGA,ID_CLIENTE,ID_SEDE,ID_FORMA_PAGO) values ('10',to_date('04/04/24','DD/MM/RR'),to_date('05/05/24','DD/MM/RR'),'6','2','2');
Insert into ORDEN_PEDIDO (ID_ORDEN_PEDIDO,FECHA_REGISTRO,FECHA_ENTREGA,ID_CLIENTE,ID_SEDE,ID_FORMA_PAGO) values ('11',to_date('03/08/24','DD/MM/RR'),to_date('20/08/24','DD/MM/RR'),'6','1','3');
Insert into ORDEN_PEDIDO (ID_ORDEN_PEDIDO,FECHA_REGISTRO,FECHA_ENTREGA,ID_CLIENTE,ID_SEDE,ID_FORMA_PAGO) values ('12',to_date('13/09/24','DD/MM/RR'),to_date('10/10/24','DD/MM/RR'),'4','1','1');

commit;



Insert into DETALLE_ORD_PEDIDO (ID_DETALLE_PEDIDO,ID_ORDEN_PEDIDO,CANTIDAD,EN_STOCK,ID_ORDEN_PRODUCCION,ID_TIPO_BUS,PRECIO_VENTA_UNITARIO) values ('1','11 ','27','S','5 ','3',null);
Insert into DETALLE_ORD_PEDIDO (ID_DETALLE_PEDIDO,ID_ORDEN_PEDIDO,CANTIDAD,EN_STOCK,ID_ORDEN_PRODUCCION,ID_TIPO_BUS,PRECIO_VENTA_UNITARIO) values ('2','10 ','17','N','1 ','1 ',null);
Insert into DETALLE_ORD_PEDIDO (ID_DETALLE_PEDIDO,ID_ORDEN_PEDIDO,CANTIDAD,EN_STOCK,ID_ORDEN_PRODUCCION,ID_TIPO_BUS,PRECIO_VENTA_UNITARIO) values ('3','3 ','26','N','2 ','2',null);
Insert into DETALLE_ORD_PEDIDO (ID_DETALLE_PEDIDO,ID_ORDEN_PEDIDO,CANTIDAD,EN_STOCK,ID_ORDEN_PRODUCCION,ID_TIPO_BUS,PRECIO_VENTA_UNITARIO) values ('4','9 ','11','S','2 ','2',null);
Insert into DETALLE_ORD_PEDIDO (ID_DETALLE_PEDIDO,ID_ORDEN_PEDIDO,CANTIDAD,EN_STOCK,ID_ORDEN_PRODUCCION,ID_TIPO_BUS,PRECIO_VENTA_UNITARIO) values ('5','6 ','14','S','5 ','3',null);
Insert into DETALLE_ORD_PEDIDO (ID_DETALLE_PEDIDO,ID_ORDEN_PEDIDO,CANTIDAD,EN_STOCK,ID_ORDEN_PRODUCCION,ID_TIPO_BUS,PRECIO_VENTA_UNITARIO) values ('6','5 ','24','N','2 ','2',null);
Insert into DETALLE_ORD_PEDIDO (ID_DETALLE_PEDIDO,ID_ORDEN_PEDIDO,CANTIDAD,EN_STOCK,ID_ORDEN_PRODUCCION,ID_TIPO_BUS,PRECIO_VENTA_UNITARIO) values ('7','4 ','27','N','1 ','1',null);
Insert into DETALLE_ORD_PEDIDO (ID_DETALLE_PEDIDO,ID_ORDEN_PEDIDO,CANTIDAD,EN_STOCK,ID_ORDEN_PRODUCCION,ID_TIPO_BUS,PRECIO_VENTA_UNITARIO) values ('8','6 ','28','N','5 ','3',null);
Insert into DETALLE_ORD_PEDIDO (ID_DETALLE_PEDIDO,ID_ORDEN_PEDIDO,CANTIDAD,EN_STOCK,ID_ORDEN_PRODUCCION,ID_TIPO_BUS,PRECIO_VENTA_UNITARIO) values ('9','5 ','29','S','5 ','3',null);
Insert into DETALLE_ORD_PEDIDO (ID_DETALLE_PEDIDO,ID_ORDEN_PEDIDO,CANTIDAD,EN_STOCK,ID_ORDEN_PRODUCCION,ID_TIPO_BUS,PRECIO_VENTA_UNITARIO) values ('10','11 ','15','S','3 ','4',null);
Insert into DETALLE_ORD_PEDIDO (ID_DETALLE_PEDIDO,ID_ORDEN_PEDIDO,CANTIDAD,EN_STOCK,ID_ORDEN_PRODUCCION,ID_TIPO_BUS,PRECIO_VENTA_UNITARIO) values ('11','5 ','28','N','2 ','2',null);
Insert into DETALLE_ORD_PEDIDO (ID_DETALLE_PEDIDO,ID_ORDEN_PEDIDO,CANTIDAD,EN_STOCK,ID_ORDEN_PRODUCCION,ID_TIPO_BUS,PRECIO_VENTA_UNITARIO) values ('12','9 ','13','N','2 ','2',null);
Insert into DETALLE_ORD_PEDIDO (ID_DETALLE_PEDIDO,ID_ORDEN_PEDIDO,CANTIDAD,EN_STOCK,ID_ORDEN_PRODUCCION,ID_TIPO_BUS,PRECIO_VENTA_UNITARIO) values ('13','2 ','27','N','3 ','4',null);
Insert into DETALLE_ORD_PEDIDO (ID_DETALLE_PEDIDO,ID_ORDEN_PEDIDO,CANTIDAD,EN_STOCK,ID_ORDEN_PRODUCCION,ID_TIPO_BUS,PRECIO_VENTA_UNITARIO) values ('14','2 ','12','S','5 ','3',null);
Insert into DETALLE_ORD_PEDIDO (ID_DETALLE_PEDIDO,ID_ORDEN_PEDIDO,CANTIDAD,EN_STOCK,ID_ORDEN_PRODUCCION,ID_TIPO_BUS,PRECIO_VENTA_UNITARIO) values ('15','5 ','15','S','2 ','2',null);
Insert into DETALLE_ORD_PEDIDO (ID_DETALLE_PEDIDO,ID_ORDEN_PEDIDO,CANTIDAD,EN_STOCK,ID_ORDEN_PRODUCCION,ID_TIPO_BUS,PRECIO_VENTA_UNITARIO) values ('16','9 ','25','S','1 ','1',null);
Insert into DETALLE_ORD_PEDIDO (ID_DETALLE_PEDIDO,ID_ORDEN_PEDIDO,CANTIDAD,EN_STOCK,ID_ORDEN_PRODUCCION,ID_TIPO_BUS,PRECIO_VENTA_UNITARIO) values ('17','9','21','N','5','3',null);
Insert into DETALLE_ORD_PEDIDO (ID_DETALLE_PEDIDO,ID_ORDEN_PEDIDO,CANTIDAD,EN_STOCK,ID_ORDEN_PRODUCCION,ID_TIPO_BUS,PRECIO_VENTA_UNITARIO) values ('18','7','28','S','2','2',null);
Insert into DETALLE_ORD_PEDIDO (ID_DETALLE_PEDIDO,ID_ORDEN_PEDIDO,CANTIDAD,EN_STOCK,ID_ORDEN_PRODUCCION,ID_TIPO_BUS,PRECIO_VENTA_UNITARIO) values ('19','10','29','N','1','1',null);
Insert into DETALLE_ORD_PEDIDO (ID_DETALLE_PEDIDO,ID_ORDEN_PEDIDO,CANTIDAD,EN_STOCK,ID_ORDEN_PRODUCCION,ID_TIPO_BUS,PRECIO_VENTA_UNITARIO) values ('20','2','11','N','1','1',null);
Insert into DETALLE_ORD_PEDIDO (ID_DETALLE_PEDIDO,ID_ORDEN_PEDIDO,CANTIDAD,EN_STOCK,ID_ORDEN_PRODUCCION,ID_TIPO_BUS,PRECIO_VENTA_UNITARIO) values ('21','8','22','N','5','3',null);
Insert into DETALLE_ORD_PEDIDO (ID_DETALLE_PEDIDO,ID_ORDEN_PEDIDO,CANTIDAD,EN_STOCK,ID_ORDEN_PRODUCCION,ID_TIPO_BUS,PRECIO_VENTA_UNITARIO) values ('22','10','14','N','2','2',null);
Insert into DETALLE_ORD_PEDIDO (ID_DETALLE_PEDIDO,ID_ORDEN_PEDIDO,CANTIDAD,EN_STOCK,ID_ORDEN_PRODUCCION,ID_TIPO_BUS,PRECIO_VENTA_UNITARIO) values ('23','5','22','N','1','1',null);
Insert into DETALLE_ORD_PEDIDO (ID_DETALLE_PEDIDO,ID_ORDEN_PEDIDO,CANTIDAD,EN_STOCK,ID_ORDEN_PRODUCCION,ID_TIPO_BUS,PRECIO_VENTA_UNITARIO) values ('24','2','16','N','1','1',null);
Insert into DETALLE_ORD_PEDIDO (ID_DETALLE_PEDIDO,ID_ORDEN_PEDIDO,CANTIDAD,EN_STOCK,ID_ORDEN_PRODUCCION,ID_TIPO_BUS,PRECIO_VENTA_UNITARIO) values ('25','6','29','N','3','4',null);
Insert into DETALLE_ORD_PEDIDO (ID_DETALLE_PEDIDO,ID_ORDEN_PEDIDO,CANTIDAD,EN_STOCK,ID_ORDEN_PRODUCCION,ID_TIPO_BUS,PRECIO_VENTA_UNITARIO) values ('26','1','20','N','5','3',null);
Insert into DETALLE_ORD_PEDIDO (ID_DETALLE_PEDIDO,ID_ORDEN_PEDIDO,CANTIDAD,EN_STOCK,ID_ORDEN_PRODUCCION,ID_TIPO_BUS,PRECIO_VENTA_UNITARIO) values ('27','6','25','S','2','2',null);
Insert into DETALLE_ORD_PEDIDO (ID_DETALLE_PEDIDO,ID_ORDEN_PEDIDO,CANTIDAD,EN_STOCK,ID_ORDEN_PRODUCCION,ID_TIPO_BUS,PRECIO_VENTA_UNITARIO) values ('28','3','22','N','1','1',null);
Insert into DETALLE_ORD_PEDIDO (ID_DETALLE_PEDIDO,ID_ORDEN_PEDIDO,CANTIDAD,EN_STOCK,ID_ORDEN_PRODUCCION,ID_TIPO_BUS,PRECIO_VENTA_UNITARIO) values ('29','9','25','S','2','2',null);
Insert into DETALLE_ORD_PEDIDO (ID_DETALLE_PEDIDO,ID_ORDEN_PEDIDO,CANTIDAD,EN_STOCK,ID_ORDEN_PRODUCCION,ID_TIPO_BUS,PRECIO_VENTA_UNITARIO) values ('30','3','26','N','5','3',null);
Insert into DETALLE_ORD_PEDIDO (ID_DETALLE_PEDIDO,ID_ORDEN_PEDIDO,CANTIDAD,EN_STOCK,ID_ORDEN_PRODUCCION,ID_TIPO_BUS,PRECIO_VENTA_UNITARIO) values ('31','7','26','N','2','2',null);
Insert into DETALLE_ORD_PEDIDO (ID_DETALLE_PEDIDO,ID_ORDEN_PEDIDO,CANTIDAD,EN_STOCK,ID_ORDEN_PRODUCCION,ID_TIPO_BUS,PRECIO_VENTA_UNITARIO) values ('32','11','22','S','5','3',null);
Insert into DETALLE_ORD_PEDIDO (ID_DETALLE_PEDIDO,ID_ORDEN_PEDIDO,CANTIDAD,EN_STOCK,ID_ORDEN_PRODUCCION,ID_TIPO_BUS,PRECIO_VENTA_UNITARIO) values ('33','8','19','S','2','2',null);
Insert into DETALLE_ORD_PEDIDO (ID_DETALLE_PEDIDO,ID_ORDEN_PEDIDO,CANTIDAD,EN_STOCK,ID_ORDEN_PRODUCCION,ID_TIPO_BUS,PRECIO_VENTA_UNITARIO) values ('34','10','14','N','5','3',null);
Insert into DETALLE_ORD_PEDIDO (ID_DETALLE_PEDIDO,ID_ORDEN_PEDIDO,CANTIDAD,EN_STOCK,ID_ORDEN_PRODUCCION,ID_TIPO_BUS,PRECIO_VENTA_UNITARIO) values ('35','6','26','S','1','1',null);
Insert into DETALLE_ORD_PEDIDO (ID_DETALLE_PEDIDO,ID_ORDEN_PEDIDO,CANTIDAD,EN_STOCK,ID_ORDEN_PRODUCCION,ID_TIPO_BUS,PRECIO_VENTA_UNITARIO) values ('36','6','20','N','2','2',null);
Insert into DETALLE_ORD_PEDIDO (ID_DETALLE_PEDIDO,ID_ORDEN_PEDIDO,CANTIDAD,EN_STOCK,ID_ORDEN_PRODUCCION,ID_TIPO_BUS,PRECIO_VENTA_UNITARIO) values ('37','7','14','N','5','3',null);
Insert into DETALLE_ORD_PEDIDO (ID_DETALLE_PEDIDO,ID_ORDEN_PEDIDO,CANTIDAD,EN_STOCK,ID_ORDEN_PRODUCCION,ID_TIPO_BUS,PRECIO_VENTA_UNITARIO) values ('38','2','26','N','2','2',null);
Insert into DETALLE_ORD_PEDIDO (ID_DETALLE_PEDIDO,ID_ORDEN_PEDIDO,CANTIDAD,EN_STOCK,ID_ORDEN_PRODUCCION,ID_TIPO_BUS,PRECIO_VENTA_UNITARIO) values ('39','10','15','N','5','3',null);
Insert into DETALLE_ORD_PEDIDO (ID_DETALLE_PEDIDO,ID_ORDEN_PEDIDO,CANTIDAD,EN_STOCK,ID_ORDEN_PRODUCCION,ID_TIPO_BUS,PRECIO_VENTA_UNITARIO) values ('40','5','23','N','1','1',null);

commit;



